{
   "m/s^2":1, 
   "cm/d^2":746496000000,
   "km/h^2":12960,
   "y/m^2":3937.0078740157,
   "mi/h^2":8052.9706513958
}