{
  "rad": 0.017453292519943,

  "min": 60,
  "sec": 3600,
  "sign": 0.033333333333333,
  "octant": 0.022222222222222,
  "sextant": 0.016666666666667,
  "deg": 1,
  "quadrant": 0.011111111111111,
  "r": 0.0027777777777778,
  "gon": 1.1111111111111,
  "mil": 17.777777777778
}
