{
	"YB": 0.000000000000000000000001,
	"ZB": 0.000000000000000000001,
	"EB": 0.000000000000000001,
	"PB": 0.000000000000001,
	"TB": 0.000000000001,
	"GB": 0.00000001,
	"MB": 0.00001,
	"KB": 0.001
	"B": 1
}