{
    "mm":0.000001,
    "cm":0.00001,
    "m":0.001,
    "km":1,
    "in":0.0000254
}