{
    "Fd": 96485.3399,
    "Ah": 3600,
    "mAh": 3.6,
    "As": 1,
    "C": 1,
    "mAs": 0.001,
    "mC": 0.001,
    "µC": 0.000001,
    "nC": 0.000000001,
    "e": 0.0000000000000000001602176487
}
