{
	"TeV": 0.000000000001,
	"GeV": 0.000000001,
	"MeV": 0.000001,
	"keV": 0.001,
	"eV": 1
}