{	
	"GtLNG": 0.00000000000080499999997212,
	"MtLNG": 0.00000000080499999997212,
	"Mtoe": 0.000000001,
	"Gm^3NG": 0.0000000011111111111111,
	"Mboe": 0.0000000071428571428571,
	"Gft^3NG": 0.000000038461538461538,
	"ktoe": 0.000001,
	"kboe": 0.0000071428571428571,
	"toe": 0.001,
	"tSKE": 0.0014285714285714,
	"boe": 0.0071428571428571,
	"koe": 1,
	"kgSKE": 1.4285714285714,
}