{
	"GtLNG": 52009937890000000000,
	"quad": 1055870000000000000,
	"MtLNG": 52009937890000000,
	"Mtoe": 41868000000000000,
	"Gm^3NG": 37681200000000000,
	"Mboe": 5861520000000000,
	"Mt": 4184000000000000,
	"Gft^3NG": 1088568000000000,
	"ktoe": 41868000000000,
	"kboe": 5861520000000,
	"kT": 4184000000000,
	"toe": 41868000000,
	"tSKE": 29307600000,
	"boe": 5861520000,
	"MWh": 3600000000,
	"MMBtu": 1055870000,
	"GJ": 1000000000,
	"thm": 105587000, 
	"koe": 41868000,
	"kgSKE": 29307600,
	"kWh": 3600000,
	"MJ": 1000000,
	"kcal": 4186.8,
	"Wh": 3600,
	"Btu": 1055.87,
	"kJ": 1000,
	"cal": 4.184,
	"ft-lb": 1.3558179483314,
	"J": 1,
	"Ws": 1,
    "mJ": 0.001,
	"µJ": 0.000001,
	"TeV": 0.0000001602176487,
	"erg": 0.0000001,
	"nJ": 0.000000001,
	"GeV": 0.0000000001602176487,
	"MeV": 0.0000000000001602176487,
	"keV": 0.0000000000000001602176487,
	"eV": 0.0000000000000000001602176487
}