{
    "GJ": 1000000000,
    "kW*h": 3600000,
    "hp": 2647795.5,
    "MJ": 1000000,
    "W*h": 3600,
    "kJ": 1000,
    "cal": 4.184,
    "J": 1,
    "mJ": 0.001,
    "µJ": 0.000001,
    "nJ": 0.000000001
}