{
    "GN": 1000000000,
    "MN": 1000000,
    "kN": 1000,
    "hN": 100,
    "daN": 10,
    "N": 1,
    "dN": 0.1,
    "cN": 0.01,
    "mN": 0.001,
    "microN": 0.000001,
    "nN": 0.000000001
}