{
    "mile (nautical)": 1852,
    "mile": 1609.34,
    "km":1000,
    "m":1,
    "yard": 0.9144,
    "foot": 0.3048,
    "dm":0.1,
    "inch": 0.0254,
    "cm":0.01,
    "mm":0.001,
    "micron":0.000001,
    "nm":0.000000001,
    "angstrom": 0.0000000001,
    "ly" : 9460700000000000
}
