{
    "km":1,
    "m":0.001,
    "dm":0.0001,
    "cm":0.00001,
    "mm":0.000001,
    "micron":0.000000001,
    "nm":0.000000000001
}
