{
	"PW": 100000000000000,
	"TW": 100000000000,
	"GW": 100000000,
	"MW": 100000,
	"refrigerationtion": 3516.8528,
	"bhp": 745.66272,
	"hp": 735.39875,
	"kW": 100,
	"W": 1,
	"mW": 0.001,
	"µW": 0.000001,
	"nW": 0.000000001,
	"pW": 0.000000000001,
	"fW": 0.000000000000001,
	"zW": 0.000000000000000000001
}