{
    "GW": 1000000000,
    "MW": 1000000,
    "kW": 1000,
    "hp (UK)": 745.699872,
    "hp (metric)": 735.49875,
    "W": 1,
    "mW": 0.001
}