{
	"MPa": 1000000, 
	"atm": 101325,
	"bar": 100000,
	"at": 98066.5,
	"psi": 6894.757293168,
	"kPa": 1000,
	"Torr": 133.322,
	"mmHg": 133.322,
	"hPa": 100,
	"mbar": 100,
	"mmH20": 9.80665,
	"Nm^-2": 1,
	"Pa": 1
	
}