{
   "pa":1,
   "atm":0.00009869232,
   "bar":0.000001,
   "torr":0.0075
}