{
    "mile/s": 1609.344,
    "km/s": 1000,
    "mile/m": 26.8224,
    "km/m": 16.666667,
    "m/s": 1,
    "knot": 0.514444,
    "mile/h": 0.44704,
    "km/h": 0.2777778,
    "m/m": 0.016667,
    "m/h": 0.0002777778,
    
    
}