{
	"GJ": 0.000000001,
	"MJ": 0.000001,
	"kJ": 0.001,
	"J": 1,
	"kcal": 0.0002388458966275,
	"cal": 0.2388458966275
}