{
	"d": 86400,
	"h": 3600,
	"m": 60,
	"s": 1,
	"ms": 0.001,
    "µs": 0.000001,
    "ns": 0.000000001,
    "ps": 0.000000000001
}
