{
	"mi/s": 0.00062137119223733,
	"km/s": 0.001,
	"m/s": 1,
	"kt": 1.9438444924574,
	"nm/h": 1.9438612860586,
	"mi/h": 2.2369362920544,
	"ft/s": 3.28084,
	"km/h": 3.6,
	"m/min": 60,
	"ft/min": 196.8504
}